{
  "crash_le_-3": {
    "n": 29,
    "univ_mean": -4.476146563263005,
    "base_mean": -2.2750361229749836,
    "over_mean": -1.849985331905873,
    "edge_mean": 0.4250507910691106,
    "win_rate": 0.3448275862068966
  },
  "down_-3_to_-1": {
    "n": 51,
    "univ_mean": -1.8591716969215777,
    "base_mean": -0.9392261966693579,
    "over_mean": -0.7559748925472335,
    "edge_mean": 0.1832513041221245,
    "win_rate": 0.45098039215686275
  },
  "flat_-1_to_+1": {
    "n": 73,
    "univ_mean": 0.1317274536998086,
    "base_mean": 0.06614843365185406,
    "over_mean": 0.05598295198699734,
    "edge_mean": -0.010165481664856717,
    "win_rate": 0.3150684931506849
  },
  "up_+1_to_+3": {
    "n": 68,
    "univ_mean": 1.8778138438855712,
    "base_mean": 0.9441529533375885,
    "over_mean": 0.9558469485343337,
    "edge_mean": 0.011693995196745207,
    "win_rate": 0.35294117647058826
  },
  "rally_ge_+3": {
    "n": 37,
    "univ_mean": 5.202734440703821,
    "base_mean": 2.6300573023193685,
    "over_mean": 2.2547553227178168,
    "edge_mean": -0.37530197960155154,
    "win_rate": 0.4864864864864865
  }
}