{
  "IS_distant_21_24": {
    "n": 187,
    "univ_mean": 0.3927812539661283,
    "base_mean": 0.19577591198299532,
    "over_mean": 0.23666781728663844,
    "edge_vs_base_mean": 0.04089190530364313,
    "edge_vs_univ_mean": -0.15611343667948985,
    "win_rate": 0.40106951871657753,
    "fires_per_day": 1.7219251336898396
  },
  "IS_recent_25_apr26": {
    "n": 69,
    "univ_mean": 0.39658839118612244,
    "base_mean": 0.19815533054378248,
    "over_mean": 0.21994505762126543,
    "edge_vs_base_mean": 0.02178972707748298,
    "edge_vs_univ_mean": -0.176643333564857,
    "win_rate": 0.36231884057971014,
    "fires_per_day": 2.1449275362318843
  },
  "OOS_may26_onward": {
    "n": 2,
    "univ_mean": 2.1839597246051015,
    "base_mean": 1.0919798623025512,
    "over_mean": 0.277109745491542,
    "edge_vs_base_mean": -0.8148701168110092,
    "edge_vs_univ_mean": -1.9068499791135594,
    "win_rate": 0.0,
    "fires_per_day": 4.0
  }
}