{
  "0": {
    "mean_edge_pre": 0.02914936909498284,
    "mean_edge_post": 0.02914936909498284,
    "crash_edge_pre": 0.4097464749298192,
    "crash_edge_post": 0.4097464749298192
  },
  "5": {
    "mean_edge_pre": 0.02914936909498284,
    "mean_edge_post": 0.024606664222336126,
    "crash_edge_pre": 0.4097464749298192,
    "crash_edge_post": 0.40470891335346454
  },
  "15": {
    "mean_edge_pre": 0.02914936909498284,
    "mean_edge_post": 0.015521254477042655,
    "crash_edge_pre": 0.4097464749298192,
    "crash_edge_post": 0.39463379020075523
  },
  "25": {
    "mean_edge_pre": 0.02914936909498284,
    "mean_edge_post": 0.006435844731749173,
    "crash_edge_pre": 0.4097464749298192,
    "crash_edge_post": 0.38455866704804575
  },
  "50": {
    "mean_edge_pre": 0.02914936909498284,
    "mean_edge_post": -0.016277679631484476,
    "crash_edge_pre": 0.4097464749298192,
    "crash_edge_post": 0.3593708591662724
  },
  "100": {
    "mean_edge_pre": 0.02914936909498284,
    "mean_edge_post": -0.06170472835795181,
    "crash_edge_pre": 0.4097464749298192,
    "crash_edge_post": 0.30899524340272566
  }
}